<?xml version="1.0" encoding="UTF-8"?>
<project-private xmlns="http://www.netbeans.org/ns/project-private/1">
    <editor-bookmarks xmlns="http://www.netbeans.org/ns/editor-bookmarks/2" lastBookmarkId="0"/>
    <open-files xmlns="http://www.netbeans.org/ns/projectui-open-files/2">
        <group>
            <file>file:/C:/Users/13161000252/Documents/GitHub/BCC-IF-PROJETO-HUGO/ProjetoHugo/src/Estrutura/MLP.java</file>
            <file>file:/C:/Users/13161000252/Documents/GitHub/BCC-IF-PROJETO-HUGO/ProjetoHugo/src/Estrutura/Neuronio.java</file>
            <file>file:/C:/Users/13161000252/Documents/GitHub/BCC-IF-PROJETO-HUGO/ProjetoHugo/src/Estrutura/teste.java</file>
        </group>
    </open-files>
</project-private>
